<?xml version="1.0" encoding="utf-8" ?>
<dwsync>
<file name="OpenSans-Bold.ttf" server="ftp.parceirodenegocios.hospedagemdesites.ws/public_html/Administrar/" local="131008117920000000" remote="131061191400000000" Dst="1" />
<file name="OpenSans-BoldItalic.ttf" server="ftp.parceirodenegocios.hospedagemdesites.ws/public_html/Administrar/" local="131008117940000000" remote="131061191400000000" Dst="1" />
<file name="OpenSans-ExtraBold.ttf" server="ftp.parceirodenegocios.hospedagemdesites.ws/public_html/Administrar/" local="131008117940000000" remote="131061191400000000" Dst="1" />
<file name="OpenSans-Italic.ttf" server="ftp.parceirodenegocios.hospedagemdesites.ws/public_html/Administrar/" local="131008117880000000" remote="131061191400000000" Dst="1" />
<file name="OpenSans-ExtraBoldItalic.ttf" server="ftp.parceirodenegocios.hospedagemdesites.ws/public_html/Administrar/" local="131008117960000000" remote="131061191400000000" Dst="1" />
<file name="OpenSans-Light.ttf" server="ftp.parceirodenegocios.hospedagemdesites.ws/public_html/Administrar/" local="131008117880000000" remote="131061191400000000" Dst="1" />
<file name="OpenSans-LightItalic.ttf" server="ftp.parceirodenegocios.hospedagemdesites.ws/public_html/Administrar/" local="131008117880000000" remote="131061191400000000" Dst="1" />
<file name="OpenSans-Semibold.ttf" server="ftp.parceirodenegocios.hospedagemdesites.ws/public_html/Administrar/" local="131008117900000000" remote="131061191400000000" Dst="1" />
<file name="OpenSans-Regular.ttf" server="ftp.parceirodenegocios.hospedagemdesites.ws/public_html/Administrar/" local="131008117880000000" remote="131061191400000000" Dst="1" />
<file name="OpenSans-SemiboldItalic.ttf" server="ftp.parceirodenegocios.hospedagemdesites.ws/public_html/Administrar/" local="131008117920000000" remote="131061191400000000" Dst="1" />
</dwsync>