<?xml version="1.0" encoding="utf-8" ?>
<dwsync>
<file name="Thumbs.db" server="ftp.codigo3.com.br/Administrar/" local="130988885004671868" remote="130295592000000000" Dst="2" />
<file name="av1.jpg" server="ftp.parceirodenegocios.hospedagemdesites.ws/public_html/Administrar/" local="130075552540000000" remote="131061191400000000" Dst="1" />
<file name="av2.jpg" server="ftp.parceirodenegocios.hospedagemdesites.ws/public_html/Administrar/" local="130075552540000000" remote="131061191400000000" Dst="1" />
<file name="av3.jpg" server="ftp.parceirodenegocios.hospedagemdesites.ws/public_html/Administrar/" local="130075552540000000" remote="131061191400000000" Dst="1" />
<file name="av5.jpg" server="ftp.parceirodenegocios.hospedagemdesites.ws/public_html/Administrar/" local="130075552540000000" remote="131061191400000000" Dst="1" />
<file name="av4.jpg" server="ftp.parceirodenegocios.hospedagemdesites.ws/public_html/Administrar/" local="130075552540000000" remote="131061191400000000" Dst="1" />
<file name="demo-image1.jpg" server="ftp.parceirodenegocios.hospedagemdesites.ws/public_html/Administrar/" local="130075552540000000" remote="131061191400000000" Dst="1" />
<file name="demo-image3.jpg" server="ftp.parceirodenegocios.hospedagemdesites.ws/public_html/Administrar/" local="130075552540000000" remote="131061191400000000" Dst="1" />
<file name="Descr.WD3" server="ftp.parceirodenegocios.hospedagemdesites.ws/public_html/Administrar/" local="130075552540000000" remote="131061191400000000" Dst="1" />
<file name="demo-image2.jpg" server="ftp.parceirodenegocios.hospedagemdesites.ws/public_html/Administrar/" local="130075552540000000" remote="131061191400000000" Dst="1" />
<file name="envelope.png" server="ftp.parceirodenegocios.hospedagemdesites.ws/public_html/Administrar/" local="130074225140000000" remote="131061191400000000" Dst="1" />
<file name="Thumbs.db" server="ftp.parceirodenegocios.hospedagemdesites.ws/public_html/Administrar/" local="130988885004671868" remote="131061191400000000" Dst="1" />
</dwsync>