<?xml version="1.0" encoding="utf-8" ?>
<dwsync>
<file name="chamadaexterna_integracao_148_1.css" server="ftp.andyfriends.com.br/public_html/motoboy/" local="130943575656450000" remote="130992318000000000" Dst="2" />
<file name="chamadaexterna_integracao_148_2.css" server="ftp.andyfriends.com.br/public_html/motoboy/" local="130943575615940000" remote="130992318000000000" Dst="2" />
<file name="chamadaexterna_integracao_148_first.css" server="ftp.andyfriends.com.br/public_html/motoboy/" local="130969863461400000" remote="130992318000000000" Dst="2" />
<file name="chamadaexterna_integracao_148_1.css" server="ftp.andyfriends.com.br/public_html/Administrar/" local="130943575656450000" remote="131015653800000000" Dst="1" />
<file name="chamadaexterna_integracao_148_2.css" server="ftp.andyfriends.com.br/public_html/Administrar/" local="130943575615940000" remote="131015653800000000" Dst="1" />
<file name="chamadaexterna_integracao_148_first.css" server="ftp.andyfriends.com.br/public_html/Administrar/" local="130969863461400000" remote="131015653800000000" Dst="1" />
<file name="chamadaexterna_integracao_148_1.css" server="ftp.codigo3.com.br/Administrar/" local="130943575656450000" remote="131039916600000000" Dst="1" />
<file name="chamadaexterna_integracao_148_2.css" server="ftp.codigo3.com.br/Administrar/" local="130943575615940000" remote="131039916600000000" Dst="1" />
<file name="chamadaexterna_integracao_148_first.css" server="ftp.codigo3.com.br/Administrar/" local="130969863461400000" remote="131039916600000000" Dst="1" />
<file name="chamadaexterna_integracao_148_1.css" server="ftp.parceirodenegocios.hospedagemdesites.ws/public_html/Administrar/" local="130943575656450000" remote="131061186600000000" Dst="1" />
<file name="chamadaexterna_integracao_148_2.css" server="ftp.parceirodenegocios.hospedagemdesites.ws/public_html/Administrar/" local="130943575615940000" remote="131061186600000000" Dst="1" />
<file name="chamadaexterna_integracao_148_first.css" server="ftp.parceirodenegocios.hospedagemdesites.ws/public_html/Administrar/" local="130969863461400000" remote="131061186600000000" Dst="1" />
</dwsync>