<?xml version="1.0" encoding="utf-8" ?>
<dwsync>
<file name="emprestimo_externo.js" server="ftp.codigo3.com.br/Administrar/" local="131013512282453392" remote="131015613600000000" Dst="1" />
<file name="param_emp_lista_cedentes.js" server="ftp.codigo3.com.br/Administrar/" local="130988883855007749" remote="130900612200000000" Dst="2" />
<file name="param_financiamento.js" server="ftp.codigo3.com.br/Administrar/" local="131013486626158655" remote="131015613600000000" Dst="1" />
<file name="param_financiamento_lista.js" server="ftp.codigo3.com.br/Administrar/" local="130988883858490058" remote="130900612200000000" Dst="2" />
<file name="param_por_cedente.js" server="ftp.codigo3.com.br/Administrar/" local="130988883858520087" remote="130900612200000000" Dst="2" />
<file name="emprestimo_externo.js" server="ftp.andyfriends.com.br/public_html/motoboy/" local="130988883854997742" remote="130992318000000000" Dst="2" />
<file name="param_emp_lista_cedentes.js" server="ftp.andyfriends.com.br/public_html/motoboy/" local="130988883855007749" remote="130992318000000000" Dst="2" />
<file name="param_financiamento.js" server="ftp.andyfriends.com.br/public_html/motoboy/" local="130988883858490058" remote="130992318000000000" Dst="2" />
<file name="param_por_cedente.js" server="ftp.andyfriends.com.br/public_html/motoboy/" local="130988883858520087" remote="130992318000000000" Dst="2" />
<file name="param_financiamento_lista.js" server="ftp.andyfriends.com.br/public_html/motoboy/" local="130988883858490058" remote="130992318000000000" Dst="2" />
<file name="emprestimo_externo.js" server="ftp.andyfriends.com.br/public_html/Administrar/" local="131013512282453392" remote="131015653800000000" Dst="1" />
<file name="param_emp_lista_cedentes.js" server="ftp.andyfriends.com.br/public_html/Administrar/" local="130988883855007749" remote="131015653800000000" Dst="1" />
<file name="param_financiamento.js" server="ftp.andyfriends.com.br/public_html/Administrar/" local="131013486626158655" remote="131015653800000000" Dst="1" />
<file name="param_financiamento_lista.js" server="ftp.andyfriends.com.br/public_html/Administrar/" local="130988883858490058" remote="131015653800000000" Dst="1" />
<file name="param_por_cedente.js" server="ftp.andyfriends.com.br/public_html/Administrar/" local="130988883858520087" remote="131015653800000000" Dst="1" />
<file name="emprestimo_externo.js" server="ftp.parceirodenegocios.hospedagemdesites.ws/public_html/Administrar/" local="131013512282453392" remote="131061186600000000" Dst="1" />
<file name="param_emp_lista_cedentes.js" server="ftp.parceirodenegocios.hospedagemdesites.ws/public_html/Administrar/" local="130988883855007749" remote="131061186600000000" Dst="1" />
<file name="param_financiamento.js" server="ftp.parceirodenegocios.hospedagemdesites.ws/public_html/Administrar/" local="131013486626158655" remote="131061186600000000" Dst="1" />
<file name="param_financiamento_lista.js" server="ftp.parceirodenegocios.hospedagemdesites.ws/public_html/Administrar/" local="130988883858490058" remote="131061186600000000" Dst="1" />
<file name="param_por_cedente.js" server="ftp.parceirodenegocios.hospedagemdesites.ws/public_html/Administrar/" local="130988883858520087" remote="131061186600000000" Dst="1" />
</dwsync>