<?xml version="1.0" encoding="utf-8" ?>
<dwsync>
<file name="blue.css" server="ftp.andyfriends.com.br/public_html/motoboy/" local="130284903720000000" remote="130992318600000000" Dst="2" />
<file name="bootstrap-responsive.min.css" server="ftp.andyfriends.com.br/public_html/motoboy/" local="130074177960000000" remote="130992318600000000" Dst="2" />
<file name="colorpicker.css" server="ftp.andyfriends.com.br/public_html/motoboy/" local="130074178040000000" remote="130992318600000000" Dst="2" />
<file name="custom_dialog.css" server="ftp.andyfriends.com.br/public_html/motoboy/" local="130956053084450000" remote="130992318600000000" Dst="2" />
<file name="bootstrap.min.css" server="ftp.andyfriends.com.br/public_html/motoboy/" local="130810186920000000" remote="130992318600000000" Dst="2" />
<file name="datepicker.css" server="ftp.andyfriends.com.br/public_html/motoboy/" local="130074178040000000" remote="130992318600000000" Dst="2" />
<file name="gray.css" server="ftp.andyfriends.com.br/public_html/motoboy/" local="130284371660000000" remote="130992318600000000" Dst="2" />
<file name="fullcalendar.css" server="ftp.andyfriends.com.br/public_html/motoboy/" local="130074177960000000" remote="130992318600000000" Dst="2" />
<file name="jquery.gritter.css" server="ftp.andyfriends.com.br/public_html/motoboy/" local="130284371620000000" remote="130992318600000000" Dst="2" />
<file name="login.css" server="ftp.andyfriends.com.br/public_html/motoboy/" local="130284371540000000" remote="130992318600000000" Dst="2" />
<file name="novo-estilo - Copy.css" server="ftp.andyfriends.com.br/public_html/motoboy/" local="130940720676750000" remote="130992318600000000" Dst="2" />
<file name="novo-estilo.css" server="ftp.andyfriends.com.br/public_html/motoboy/" local="130991482930240324" remote="130992318600000000" Dst="2" />
<file name="red.css" server="ftp.andyfriends.com.br/public_html/motoboy/" local="130284371080000000" remote="130992318600000000" Dst="2" />
<file name="uniform.css" server="ftp.andyfriends.com.br/public_html/motoboy/" local="130074178060000000" remote="130992318600000000" Dst="2" />
<file name="select2.css" server="ftp.andyfriends.com.br/public_html/motoboy/" local="130074178040000000" remote="130992318600000000" Dst="2" />
<file name="novo-estilo.css" server="ftp.codigo3.com.br/Administrar/" local="131013286978804051" remote="131015614200000000" Dst="1" />
<file name="novo-estilo.css" server="ftp.andyfriends.com.br/public_html/Administrar/" local="131013286978804051" remote="131015654400000000" Dst="1" />
<file name="blue.css" server="ftp.parceirodenegocios.hospedagemdesites.ws/public_html/Administrar/" local="130284903720000000" remote="131061191400000000" Dst="1" />
<file name="bootstrap-responsive.min.css" server="ftp.parceirodenegocios.hospedagemdesites.ws/public_html/Administrar/" local="130074177960000000" remote="131061191400000000" Dst="1" />
<file name="colorpicker.css" server="ftp.parceirodenegocios.hospedagemdesites.ws/public_html/Administrar/" local="130074178040000000" remote="131061191400000000" Dst="1" />
<file name="datepicker.css" server="ftp.parceirodenegocios.hospedagemdesites.ws/public_html/Administrar/" local="130074178040000000" remote="131061191400000000" Dst="1" />
<file name="bootstrap.min.css" server="ftp.parceirodenegocios.hospedagemdesites.ws/public_html/Administrar/" local="130810186920000000" remote="131061191400000000" Dst="1" />
<file name="custom_dialog.css" server="ftp.parceirodenegocios.hospedagemdesites.ws/public_html/Administrar/" local="130956053084450000" remote="131061191400000000" Dst="1" />
<file name="fullcalendar.css" server="ftp.parceirodenegocios.hospedagemdesites.ws/public_html/Administrar/" local="130074177960000000" remote="131061191400000000" Dst="1" />
<file name="gray.css" server="ftp.parceirodenegocios.hospedagemdesites.ws/public_html/Administrar/" local="130284371660000000" remote="131061191400000000" Dst="1" />
<file name="jquery.gritter.css" server="ftp.parceirodenegocios.hospedagemdesites.ws/public_html/Administrar/" local="130284371620000000" remote="131061191400000000" Dst="1" />
<file name="login.css" server="ftp.parceirodenegocios.hospedagemdesites.ws/public_html/Administrar/" local="130284371540000000" remote="131061191400000000" Dst="1" />
<file name="novo-estilo - Copy.css" server="ftp.parceirodenegocios.hospedagemdesites.ws/public_html/Administrar/" local="130940720676750000" remote="131061191400000000" Dst="1" />
<file name="novo-estilo.css" server="ftp.parceirodenegocios.hospedagemdesites.ws/public_html/Administrar/" local="131013286978804051" remote="131061191400000000" Dst="1" />
<file name="red.css" server="ftp.parceirodenegocios.hospedagemdesites.ws/public_html/Administrar/" local="130284371080000000" remote="131061191400000000" Dst="1" />
<file name="uniform.css" server="ftp.parceirodenegocios.hospedagemdesites.ws/public_html/Administrar/" local="130074178060000000" remote="131061191400000000" Dst="1" />
<file name="select2.css" server="ftp.parceirodenegocios.hospedagemdesites.ws/public_html/Administrar/" local="130074178040000000" remote="131061191400000000" Dst="1" />
</dwsync>