<?xml version="1.0" encoding="utf-8" ?>
<dwsync>
<file name="1.png" server="ftp.codigo3.com.br/Administrar/" local="130988884960291856" remote="130929670200000000" Dst="2" />
<file name="3.png" server="ftp.codigo3.com.br/Administrar/" local="130988884962523323" remote="130929670200000000" Dst="2" />
<file name="2.png" server="ftp.codigo3.com.br/Administrar/" local="130988884963974290" remote="130929670200000000" Dst="2" />
<file name="6.png" server="ftp.codigo3.com.br/Administrar/" local="130988884968847530" remote="130929670200000000" Dst="2" />
<file name="b.png" server="ftp.codigo3.com.br/Administrar/" local="130988884968857537" remote="130929670200000000" Dst="2" />
<file name="imgbrrazu.png" server="ftp.codigo3.com.br/Administrar/" local="130988884969378489" remote="130929670200000000" Dst="2" />
<file name="imgbrrlrj.png" server="ftp.codigo3.com.br/Administrar/" local="130988884974561902" remote="130929670200000000" Dst="2" />
<file name="logo_empresa.png" server="ftp.codigo3.com.br/Administrar/" local="130988884974561902" remote="130929670200000000" Dst="2" />
<file name="imgpxlazu.png" server="ftp.codigo3.com.br/Administrar/" local="130988884974571904" remote="130929670200000000" Dst="2" />
<file name="logobancoob.jpg" server="ftp.codigo3.com.br/Administrar/" local="130988884979375120" remote="130929670200000000" Dst="2" />
<file name="logobanespa.jpg" server="ftp.codigo3.com.br/Administrar/" local="130988884979385101" remote="130929670200000000" Dst="2" />
<file name="logobanestes.jpg" server="ftp.codigo3.com.br/Administrar/" local="130988884979405123" remote="130929670200000000" Dst="2" />
<file name="logobb.jpg" server="ftp.codigo3.com.br/Administrar/" local="130988884984388419" remote="130929670200000000" Dst="2" />
<file name="logobesc.jpg" server="ftp.codigo3.com.br/Administrar/" local="130988884984388419" remote="130929670200000000" Dst="2" />
<file name="logobradesco.jpg" server="ftp.codigo3.com.br/Administrar/" local="130988884984718634" remote="130929670200000000" Dst="2" />
<file name="logocaixa.jpg" server="ftp.codigo3.com.br/Administrar/" local="130988884989611918" remote="130929670200000000" Dst="2" />
<file name="logohsbc.jpg" server="ftp.codigo3.com.br/Administrar/" local="130988884989621899" remote="130929670200000000" Dst="2" />
<file name="logoitau.jpg" server="ftp.codigo3.com.br/Administrar/" local="130988884989631905" remote="130929670200000000" Dst="2" />
<file name="logonossacaixa.jpg" server="ftp.codigo3.com.br/Administrar/" local="130988884994595202" remote="130929670200000000" Dst="2" />
<file name="logoreal.jpg" server="ftp.codigo3.com.br/Administrar/" local="130988884994605204" remote="130929670200000000" Dst="2" />
<file name="logosantander.jpg" server="ftp.codigo3.com.br/Administrar/" local="130988884994635258" remote="130929670200000000" Dst="2" />
<file name="logosicredi.jpg" server="ftp.codigo3.com.br/Administrar/" local="130988884999558476" remote="130929670200000000" Dst="2" />
<file name="logosudameris.jpg" server="ftp.codigo3.com.br/Administrar/" local="130988884999568487" remote="130929670200000000" Dst="2" />
<file name="logounibanco.jpg" server="ftp.codigo3.com.br/Administrar/" local="130988884999598511" remote="130929670200000000" Dst="2" />
<file name="p.png" server="ftp.codigo3.com.br/Administrar/" local="130988885004651863" remote="130929670200000000" Dst="2" />
<file name="1.png" server="ftp.parceirodenegocios.hospedagemdesites.ws/public_html/Administrar/" local="130988884960291856" remote="131061191400000000" Dst="1" />
<file name="2.png" server="ftp.parceirodenegocios.hospedagemdesites.ws/public_html/Administrar/" local="130988884963974290" remote="131061191400000000" Dst="1" />
<file name="6.png" server="ftp.parceirodenegocios.hospedagemdesites.ws/public_html/Administrar/" local="130988884968847530" remote="131061191400000000" Dst="1" />
<file name="3.png" server="ftp.parceirodenegocios.hospedagemdesites.ws/public_html/Administrar/" local="130988884962523323" remote="131061191400000000" Dst="1" />
<file name="b.png" server="ftp.parceirodenegocios.hospedagemdesites.ws/public_html/Administrar/" local="130988884968857537" remote="131061191400000000" Dst="1" />
<file name="imgbrrazu.png" server="ftp.parceirodenegocios.hospedagemdesites.ws/public_html/Administrar/" local="130988884969378489" remote="131061191400000000" Dst="1" />
<file name="imgbrrlrj.png" server="ftp.parceirodenegocios.hospedagemdesites.ws/public_html/Administrar/" local="130988884974561902" remote="131061191400000000" Dst="1" />
<file name="imgpxlazu.png" server="ftp.parceirodenegocios.hospedagemdesites.ws/public_html/Administrar/" local="130988884974571904" remote="131061191400000000" Dst="1" />
<file name="logobancoob.jpg" server="ftp.parceirodenegocios.hospedagemdesites.ws/public_html/Administrar/" local="130988884979375120" remote="131061191400000000" Dst="1" />
<file name="logobanespa.jpg" server="ftp.parceirodenegocios.hospedagemdesites.ws/public_html/Administrar/" local="130988884979385101" remote="131061191400000000" Dst="1" />
<file name="logobanestes.jpg" server="ftp.parceirodenegocios.hospedagemdesites.ws/public_html/Administrar/" local="130988884979405123" remote="131061191400000000" Dst="1" />
<file name="logobb.jpg" server="ftp.parceirodenegocios.hospedagemdesites.ws/public_html/Administrar/" local="130988884984388419" remote="131061191400000000" Dst="1" />
<file name="logobesc.jpg" server="ftp.parceirodenegocios.hospedagemdesites.ws/public_html/Administrar/" local="130988884984388419" remote="131061191400000000" Dst="1" />
<file name="logobradesco.jpg" server="ftp.parceirodenegocios.hospedagemdesites.ws/public_html/Administrar/" local="130988884984718634" remote="131061191400000000" Dst="1" />
<file name="logohsbc.jpg" server="ftp.parceirodenegocios.hospedagemdesites.ws/public_html/Administrar/" local="130988884989621899" remote="131061191400000000" Dst="1" />
<file name="logocaixa.jpg" server="ftp.parceirodenegocios.hospedagemdesites.ws/public_html/Administrar/" local="130988884989611918" remote="131061191400000000" Dst="1" />
<file name="logoitau.jpg" server="ftp.parceirodenegocios.hospedagemdesites.ws/public_html/Administrar/" local="130988884989631905" remote="131061191400000000" Dst="1" />
<file name="logonossacaixa.jpg" server="ftp.parceirodenegocios.hospedagemdesites.ws/public_html/Administrar/" local="130988884994595202" remote="131061191400000000" Dst="1" />
<file name="logoreal.jpg" server="ftp.parceirodenegocios.hospedagemdesites.ws/public_html/Administrar/" local="130988884994605204" remote="131061191400000000" Dst="1" />
<file name="logosantander.jpg" server="ftp.parceirodenegocios.hospedagemdesites.ws/public_html/Administrar/" local="130988884994635258" remote="131061191400000000" Dst="1" />
<file name="logosudameris.jpg" server="ftp.parceirodenegocios.hospedagemdesites.ws/public_html/Administrar/" local="130988884999568487" remote="131061191400000000" Dst="1" />
<file name="logosicredi.jpg" server="ftp.parceirodenegocios.hospedagemdesites.ws/public_html/Administrar/" local="130988884999558476" remote="131061191400000000" Dst="1" />
<file name="logounibanco.jpg" server="ftp.parceirodenegocios.hospedagemdesites.ws/public_html/Administrar/" local="130988884999598511" remote="131061191400000000" Dst="1" />
<file name="logo_empresa.png" server="ftp.parceirodenegocios.hospedagemdesites.ws/public_html/Administrar/" local="130988884974561902" remote="131061191400000000" Dst="1" />
<file name="p.png" server="ftp.parceirodenegocios.hospedagemdesites.ws/public_html/Administrar/" local="130988885004651863" remote="131061191400000000" Dst="1" />
</dwsync>