<?xml version="1.0" encoding="utf-8" ?>
<dwsync>
<file name="Thumbs.db" server="ftp.codigo3.com.br/Administrar/" local="130988885004811965" remote="130295592000000000" Dst="2" />
<file name="Descr.WD3" server="ftp.parceirodenegocios.hospedagemdesites.ws/public_html/Administrar/" local="130075552680000000" remote="131061191400000000" Dst="1" />
<file name="imgbox1.jpg" server="ftp.parceirodenegocios.hospedagemdesites.ws/public_html/Administrar/" local="130075552660000000" remote="131061191400000000" Dst="1" />
<file name="imgbox2.jpg" server="ftp.parceirodenegocios.hospedagemdesites.ws/public_html/Administrar/" local="130075552660000000" remote="131061191400000000" Dst="1" />
<file name="imgbox3.jpg" server="ftp.parceirodenegocios.hospedagemdesites.ws/public_html/Administrar/" local="130075552660000000" remote="131061191400000000" Dst="1" />
<file name="imgbox4.jpg" server="ftp.parceirodenegocios.hospedagemdesites.ws/public_html/Administrar/" local="130075552660000000" remote="131061191400000000" Dst="1" />
<file name="Thumbs.db" server="ftp.parceirodenegocios.hospedagemdesites.ws/public_html/Administrar/" local="130988885004811965" remote="131061191400000000" Dst="1" />
<file name="imgbox5.jpg" server="ftp.parceirodenegocios.hospedagemdesites.ws/public_html/Administrar/" local="130075552680000000" remote="131061191400000000" Dst="1" />
</dwsync>