<?xml version="1.0" encoding="utf-8" ?>
<dwsync>
<file name="icon-file.png" server="ftp.codigo3.com.br/Administrar/" local="130988885009765250" remote="130474440000000000" Dst="2" />
<file name="logo-home.png" server="ftp.codigo3.com.br/Administrar/" local="130988885011866644" remote="130858424400000000" Dst="2" />
<file name="logo.png" server="ftp.codigo3.com.br/Administrar/" local="130988885011866644" remote="130858424400000000" Dst="2" />
<file name="logo_empresa.jpg" server="ftp.codigo3.com.br/Administrar/" local="130988885016769905" remote="130869607200000000" Dst="2" />
<file name="alpha.html" server="ftp.parceirodenegocios.hospedagemdesites.ws/public_html/Administrar/" local="130075553380000000" remote="131061191400000000" Dst="1" />
<file name="breadcrumb.png" server="ftp.parceirodenegocios.hospedagemdesites.ws/public_html/Administrar/" local="130075552580000000" remote="131061191400000000" Dst="1" />
<file name="Descr.WD3" server="ftp.parceirodenegocios.hospedagemdesites.ws/public_html/Administrar/" local="130075552860000000" remote="131061191400000000" Dst="1" />
<file name="glyphicons-halflings-white.png" server="ftp.parceirodenegocios.hospedagemdesites.ws/public_html/Administrar/" local="130075552580000000" remote="131061191400000000" Dst="1" />
<file name="glyphicons-halflings.html" server="ftp.parceirodenegocios.hospedagemdesites.ws/public_html/Administrar/" local="130075553320000000" remote="131061191400000000" Dst="1" />
<file name="gritter.png" server="ftp.parceirodenegocios.hospedagemdesites.ws/public_html/Administrar/" local="130075552600000000" remote="131061191400000000" Dst="1" />
<file name="hue.png" server="ftp.parceirodenegocios.hospedagemdesites.ws/public_html/Administrar/" local="130075552840000000" remote="131061191400000000" Dst="1" />
<file name="index.html" server="ftp.parceirodenegocios.hospedagemdesites.ws/public_html/Administrar/" local="129664291580000000" remote="131061191400000000" Dst="1" />
<file name="larrow.png" server="ftp.parceirodenegocios.hospedagemdesites.ws/public_html/Administrar/" local="130075552580000000" remote="131061191400000000" Dst="1" />
<file name="icon-file.png" server="ftp.parceirodenegocios.hospedagemdesites.ws/public_html/Administrar/" local="130988885009765250" remote="131061191400000000" Dst="1" />
<file name="line.png" server="ftp.parceirodenegocios.hospedagemdesites.ws/public_html/Administrar/" local="130075552600000000" remote="131061191400000000" Dst="1" />
<file name="logo-home.png" server="ftp.parceirodenegocios.hospedagemdesites.ws/public_html/Administrar/" local="130988885011866644" remote="131061191400000000" Dst="1" />
<file name="logo.png" server="ftp.parceirodenegocios.hospedagemdesites.ws/public_html/Administrar/" local="130988885011866644" remote="131061191400000000" Dst="1" />
<file name="logo_empresa.jpg" server="ftp.parceirodenegocios.hospedagemdesites.ws/public_html/Administrar/" local="130988885016769905" remote="131061191400000000" Dst="1" />
<file name="menu-active.png" server="ftp.parceirodenegocios.hospedagemdesites.ws/public_html/Administrar/" local="130075552580000000" remote="131061191400000000" Dst="1" />
<file name="rarrow.png" server="ftp.parceirodenegocios.hospedagemdesites.ws/public_html/Administrar/" local="130075552580000000" remote="131061191400000000" Dst="1" />
<file name="saturation.png" server="ftp.parceirodenegocios.hospedagemdesites.ws/public_html/Administrar/" local="130075552860000000" remote="131061191400000000" Dst="1" />
<file name="select2.png" server="ftp.parceirodenegocios.hospedagemdesites.ws/public_html/Administrar/" local="130075552860000000" remote="131061191400000000" Dst="1" />
<file name="spinner.gif" server="ftp.parceirodenegocios.hospedagemdesites.ws/public_html/Administrar/" local="130075552860000000" remote="131061191400000000" Dst="1" />
<file name="sprite.png" server="ftp.parceirodenegocios.hospedagemdesites.ws/public_html/Administrar/" local="130075552860000000" remote="131061191400000000" Dst="1" />
<file name="Thumbs.db" server="ftp.parceirodenegocios.hospedagemdesites.ws/public_html/Administrar/" local="130779393660000000" remote="131061191400000000" Dst="1" />
</dwsync>