<?xml version="1.0" encoding="utf-8" ?>
<dwsync>
<file name="Benchmark.php" server="ftp.parceirodenegocios.hospedagemdesites.ws/public_html/Administrar/" local="129941579120000000" remote="131061191400000000" Dst="1" />
<file name="CodeIgniter.php" server="ftp.parceirodenegocios.hospedagemdesites.ws/public_html/Administrar/" local="129941584780000000" remote="131061191400000000" Dst="1" />
<file name="Common.php" server="ftp.parceirodenegocios.hospedagemdesites.ws/public_html/Administrar/" local="130926079180990000" remote="131061191400000000" Dst="1" />
<file name="Config.php" server="ftp.parceirodenegocios.hospedagemdesites.ws/public_html/Administrar/" local="129941584660000000" remote="131061191400000000" Dst="1" />
<file name="Controller.php" server="ftp.parceirodenegocios.hospedagemdesites.ws/public_html/Administrar/" local="130818931460000000" remote="131061191400000000" Dst="1" />
<file name="Exceptions.php" server="ftp.parceirodenegocios.hospedagemdesites.ws/public_html/Administrar/" local="129941579120000000" remote="131061191400000000" Dst="1" />
<file name="Hooks.php" server="ftp.parceirodenegocios.hospedagemdesites.ws/public_html/Administrar/" local="129941579120000000" remote="131061191400000000" Dst="1" />
<file name="index.html" server="ftp.parceirodenegocios.hospedagemdesites.ws/public_html/Administrar/" local="129664291580000000" remote="131061191400000000" Dst="1" />
<file name="Input.php" server="ftp.parceirodenegocios.hospedagemdesites.ws/public_html/Administrar/" local="129941584780000000" remote="131061191400000000" Dst="1" />
<file name="Lang.php" server="ftp.parceirodenegocios.hospedagemdesites.ws/public_html/Administrar/" local="129941579120000000" remote="131061191400000000" Dst="1" />
<file name="Loader.php" server="ftp.parceirodenegocios.hospedagemdesites.ws/public_html/Administrar/" local="129941579120000000" remote="131061191400000000" Dst="1" />
<file name="Model.php" server="ftp.parceirodenegocios.hospedagemdesites.ws/public_html/Administrar/" local="129941579120000000" remote="131061191400000000" Dst="1" />
<file name="Output.php" server="ftp.parceirodenegocios.hospedagemdesites.ws/public_html/Administrar/" local="129941579120000000" remote="131061191400000000" Dst="1" />
<file name="Router.php" server="ftp.parceirodenegocios.hospedagemdesites.ws/public_html/Administrar/" local="129941579120000000" remote="131061191400000000" Dst="1" />
<file name="Security.php" server="ftp.parceirodenegocios.hospedagemdesites.ws/public_html/Administrar/" local="129941584780000000" remote="131061191400000000" Dst="1" />
<file name="URI.php" server="ftp.parceirodenegocios.hospedagemdesites.ws/public_html/Administrar/" local="129941579120000000" remote="131061191400000000" Dst="1" />
<file name="Utf8.php" server="ftp.parceirodenegocios.hospedagemdesites.ws/public_html/Administrar/" local="129941579120000000" remote="131061191400000000" Dst="1" />
</dwsync>