<?xml version="1.0" encoding="utf-8" ?>
<dwsync>
<file name="chamadaexterna.css" server="ftp.andyfriends.com.br/public_html/motoboy/" local="130969816480000000" remote="130992318000000000" Dst="2" />
<file name="chamadaexterna_integracao.css" server="ftp.andyfriends.com.br/public_html/motoboy/" local="130969816540000000" remote="130992318000000000" Dst="2" />
<file name="chamadaexterna_integracao_148.css" server="ftp.andyfriends.com.br/public_html/motoboy/" local="130969816580000000" remote="130992318000000000" Dst="2" />
<file name="chamadaexterna.css" server="ftp.andyfriends.com.br/public_html/Administrar/" local="131014979169807808" remote="131015653800000000" Dst="1" />
<file name="chamadaexterna_integracao.css" server="ftp.andyfriends.com.br/public_html/Administrar/" local="130969816540000000" remote="131015653800000000" Dst="1" />
<file name="chamadaexterna_integracao_148.css" server="ftp.andyfriends.com.br/public_html/Administrar/" local="131008342071824598" remote="131015653800000000" Dst="1" />
<file name="chamadaexterna.css" server="ftp.codigo3.com.br/Administrar/" local="131037407572127291" remote="131039916600000000" Dst="1" />
<file name="chamadaexterna_integracao.css" server="ftp.codigo3.com.br/Administrar/" local="130969816540000000" remote="131039916600000000" Dst="1" />
<file name="chamadaexterna_integracao_148.css" server="ftp.codigo3.com.br/Administrar/" local="131038520825353114" remote="131039916600000000" Dst="1" />
<file name="chamadaexterna.css" server="ftp.parceirodenegocios.hospedagemdesites.ws/public_html/Administrar/" local="131046094078408415" remote="131061186600000000" Dst="1" />
<file name="chamadaexterna_integracao_148.css" server="ftp.parceirodenegocios.hospedagemdesites.ws/public_html/Administrar/" local="131038520825353114" remote="131061186600000000" Dst="1" />
<file name="chamadaexterna_integracao.css" server="ftp.parceirodenegocios.hospedagemdesites.ws/public_html/Administrar/" local="130969816540000000" remote="131061186600000000" Dst="1" />
</dwsync>