<?xml version="1.0" encoding="utf-8" ?>
<dwsync>
<file name="alpha.png" server="ftp.parceirodenegocios.hospedagemdesites.ws/public_html/Administrar/" local="130074178100000000" remote="131061191400000000" Dst="1" />
<file name="bg.png" server="ftp.parceirodenegocios.hospedagemdesites.ws/public_html/Administrar/" local="130264770580000000" remote="131061191400000000" Dst="1" />
<file name="bg1.png" server="ftp.parceirodenegocios.hospedagemdesites.ws/public_html/Administrar/" local="130264770580000000" remote="131061191400000000" Dst="1" />
<file name="bg2.png" server="ftp.parceirodenegocios.hospedagemdesites.ws/public_html/Administrar/" local="130264770580000000" remote="131061191400000000" Dst="1" />
<file name="breadcrumb.png" server="ftp.parceirodenegocios.hospedagemdesites.ws/public_html/Administrar/" local="130074178020000000" remote="131061191400000000" Dst="1" />
<file name="glyphicons-halflings-white.png" server="ftp.parceirodenegocios.hospedagemdesites.ws/public_html/Administrar/" local="130074178020000000" remote="131061191400000000" Dst="1" />
<file name="favicon.ico" server="ftp.parceirodenegocios.hospedagemdesites.ws/public_html/Administrar/" local="130879388140000000" remote="131061191400000000" Dst="1" />
<file name="glyphicons-halflings.png" server="ftp.parceirodenegocios.hospedagemdesites.ws/public_html/Administrar/" local="130074178020000000" remote="131061191400000000" Dst="1" />
<file name="gritter-light.png" server="ftp.parceirodenegocios.hospedagemdesites.ws/public_html/Administrar/" local="130074178100000000" remote="131061191400000000" Dst="1" />
<file name="gritter.png" server="ftp.parceirodenegocios.hospedagemdesites.ws/public_html/Administrar/" local="130074178100000000" remote="131061191400000000" Dst="1" />
<file name="hue.png" server="ftp.parceirodenegocios.hospedagemdesites.ws/public_html/Administrar/" local="130074178100000000" remote="131061191400000000" Dst="1" />
<file name="larrow.png" server="ftp.parceirodenegocios.hospedagemdesites.ws/public_html/Administrar/" local="130074178020000000" remote="131061191400000000" Dst="1" />
<file name="line.png" server="ftp.parceirodenegocios.hospedagemdesites.ws/public_html/Administrar/" local="130074178040000000" remote="131061191400000000" Dst="1" />
<file name="menu-active.png" server="ftp.parceirodenegocios.hospedagemdesites.ws/public_html/Administrar/" local="130074178020000000" remote="131061191400000000" Dst="1" />
<file name="rarrow.png" server="ftp.parceirodenegocios.hospedagemdesites.ws/public_html/Administrar/" local="130074178020000000" remote="131061191400000000" Dst="1" />
<file name="saturation.png" server="ftp.parceirodenegocios.hospedagemdesites.ws/public_html/Administrar/" local="130074178100000000" remote="131061191400000000" Dst="1" />
<file name="select2.png" server="ftp.parceirodenegocios.hospedagemdesites.ws/public_html/Administrar/" local="130074178100000000" remote="131061191400000000" Dst="1" />
<file name="select2x2.png" server="ftp.parceirodenegocios.hospedagemdesites.ws/public_html/Administrar/" local="130074178100000000" remote="131061191400000000" Dst="1" />
<file name="spinner.gif" server="ftp.parceirodenegocios.hospedagemdesites.ws/public_html/Administrar/" local="130074178100000000" remote="131061191400000000" Dst="1" />
<file name="sprite.png" server="ftp.parceirodenegocios.hospedagemdesites.ws/public_html/Administrar/" local="130074178120000000" remote="131061191400000000" Dst="1" />
<file name="Thumbs.db" server="ftp.parceirodenegocios.hospedagemdesites.ws/public_html/Administrar/" local="130777356120000000" remote="131061191400000000" Dst="1" />
</dwsync>