<?xml version="1.0" encoding="utf-8" ?>
<dwsync>
<file name="global_functions.js" server="ftp.andyfriends.com.br/public_html/motoboy/" local="130930135681610000" remote="130992318600000000" Dst="2" />
<file name="global_functions.js" server="ftp.andyfriends.com.br/public_html/Administrar/" local="131015676197991468" remote="131015676000000000" Dst="1" />
<file name="global_functions.js" server="ftp.codigo3.com.br/Administrar/" local="131031256624440642" remote="131031328800000000" Dst="1" />
<file name="bootstrap-colorpicker.js" server="ftp.parceirodenegocios.hospedagemdesites.ws/public_html/Administrar/" local="130074178040000000" remote="131061191400000000" Dst="1" />
<file name="bootstrap-datepicker.js" server="ftp.parceirodenegocios.hospedagemdesites.ws/public_html/Administrar/" local="130074178060000000" remote="131061191400000000" Dst="1" />
<file name="bootstrap.min.js" server="ftp.parceirodenegocios.hospedagemdesites.ws/public_html/Administrar/" local="130074178000000000" remote="131061191400000000" Dst="1" />
<file name="calendar.js" server="ftp.parceirodenegocios.hospedagemdesites.ws/public_html/Administrar/" local="131013491613098180" remote="131061191400000000" Dst="1" />
<file name="charts.js" server="ftp.parceirodenegocios.hospedagemdesites.ws/public_html/Administrar/" local="130284373020000000" remote="131061191400000000" Dst="1" />
<file name="chat.js" server="ftp.parceirodenegocios.hospedagemdesites.ws/public_html/Administrar/" local="130284373120000000" remote="131061191400000000" Dst="1" />
<file name="custom_dialog-nao-usado.js" server="ftp.parceirodenegocios.hospedagemdesites.ws/public_html/Administrar/" local="130956049014530000" remote="131061191400000000" Dst="1" />
<file name="dashboard.js" server="ftp.parceirodenegocios.hospedagemdesites.ws/public_html/Administrar/" local="130284376220000000" remote="131061191400000000" Dst="1" />
<file name="excanvas.min.js" server="ftp.parceirodenegocios.hospedagemdesites.ws/public_html/Administrar/" local="130074178000000000" remote="131061191400000000" Dst="1" />
<file name="form_common.js" server="ftp.parceirodenegocios.hospedagemdesites.ws/public_html/Administrar/" local="130284375480000000" remote="131061191400000000" Dst="1" />
<file name="form_validation.js" server="ftp.parceirodenegocios.hospedagemdesites.ws/public_html/Administrar/" local="130284376580000000" remote="131061191400000000" Dst="1" />
<file name="global_functions.js" server="ftp.parceirodenegocios.hospedagemdesites.ws/public_html/Administrar/" local="131046103527301334" remote="131061191400000000" Dst="1" />
<file name="interface.js" server="ftp.parceirodenegocios.hospedagemdesites.ws/public_html/Administrar/" local="130284377220000000" remote="131061191400000000" Dst="1" />
<file name="fullcalendar.min.js" server="ftp.parceirodenegocios.hospedagemdesites.ws/public_html/Administrar/" local="130074178020000000" remote="131061191400000000" Dst="1" />
<file name="jquery-1.10.2.min.js" server="ftp.parceirodenegocios.hospedagemdesites.ws/public_html/Administrar/" local="130193489300000000" remote="131061191400000000" Dst="1" />
<file name="jquery-1.8.3.js" server="ftp.parceirodenegocios.hospedagemdesites.ws/public_html/Administrar/" local="130287559500000000" remote="131061191400000000" Dst="1" />
<file name="jquery.dataTables.min.js" server="ftp.parceirodenegocios.hospedagemdesites.ws/public_html/Administrar/" local="130074178060000000" remote="131061191400000000" Dst="1" />
<file name="jquery.flot.min.js" server="ftp.parceirodenegocios.hospedagemdesites.ws/public_html/Administrar/" local="130074178020000000" remote="131061191400000000" Dst="1" />
<file name="jquery.flot.pie.min.js" server="ftp.parceirodenegocios.hospedagemdesites.ws/public_html/Administrar/" local="130074178060000000" remote="131061191400000000" Dst="1" />
<file name="jquery.flot.resize.min.js" server="ftp.parceirodenegocios.hospedagemdesites.ws/public_html/Administrar/" local="130074178020000000" remote="131061191400000000" Dst="1" />
<file name="jquery.gritter.min.js" server="ftp.parceirodenegocios.hospedagemdesites.ws/public_html/Administrar/" local="130074178060000000" remote="131061191400000000" Dst="1" />
<file name="jquery.mask.min.js" server="ftp.parceirodenegocios.hospedagemdesites.ws/public_html/Administrar/" local="130894927840000000" remote="131061191400000000" Dst="1" />
<file name="jquery.peity.min.js" server="ftp.parceirodenegocios.hospedagemdesites.ws/public_html/Administrar/" local="130074178020000000" remote="131061191400000000" Dst="1" />
<file name="jquery.min.js" server="ftp.parceirodenegocios.hospedagemdesites.ws/public_html/Administrar/" local="130074178000000000" remote="131061191400000000" Dst="1" />
<file name="jquery.min_74e92c4.js" server="ftp.parceirodenegocios.hospedagemdesites.ws/public_html/Administrar/" local="130074178080000000" remote="131061191400000000" Dst="1" />
<file name="jquery.uniform.js" server="ftp.parceirodenegocios.hospedagemdesites.ws/public_html/Administrar/" local="130074178060000000" remote="131061191400000000" Dst="1" />
<file name="jquery.validate.js" server="ftp.parceirodenegocios.hospedagemdesites.ws/public_html/Administrar/" local="130074178060000000" remote="131061191400000000" Dst="1" />
<file name="jquery.ui.custom.js" server="ftp.parceirodenegocios.hospedagemdesites.ws/public_html/Administrar/" local="130074178020000000" remote="131061191400000000" Dst="1" />
<file name="jquery.ui.custom_a3d4650c.js" server="ftp.parceirodenegocios.hospedagemdesites.ws/public_html/Administrar/" local="130074178100000000" remote="131061191400000000" Dst="1" />
<file name="jquery.wizard.js" server="ftp.parceirodenegocios.hospedagemdesites.ws/public_html/Administrar/" local="130074178060000000" remote="131061191400000000" Dst="1" />
<file name="login.js" server="ftp.parceirodenegocios.hospedagemdesites.ws/public_html/Administrar/" local="130284377480000000" remote="131061191400000000" Dst="1" />
<file name="maskmoney.js" server="ftp.parceirodenegocios.hospedagemdesites.ws/public_html/Administrar/" local="130382068240000000" remote="131061191400000000" Dst="1" />
<file name="sosmc.js" server="ftp.parceirodenegocios.hospedagemdesites.ws/public_html/Administrar/" local="130284377680000000" remote="131061191400000000" Dst="1" />
<file name="select2.min.js" server="ftp.parceirodenegocios.hospedagemdesites.ws/public_html/Administrar/" local="130074178060000000" remote="131061191400000000" Dst="1" />
<file name="tables.js" server="ftp.parceirodenegocios.hospedagemdesites.ws/public_html/Administrar/" local="130284374460000000" remote="131061191400000000" Dst="1" />
<file name="wizard.js" server="ftp.parceirodenegocios.hospedagemdesites.ws/public_html/Administrar/" local="130284378240000000" remote="131061191400000000" Dst="1" />
</dwsync>