<?xml version="1.0" encoding="utf-8" ?>
<dwsync>
<file name="book.png" server="ftp.parceirodenegocios.hospedagemdesites.ws/public_html/Administrar/" local="130074178020000000" remote="131061191400000000" Dst="1" />
<file name="cabinet.png" server="ftp.parceirodenegocios.hospedagemdesites.ws/public_html/Administrar/" local="130074178020000000" remote="131061191400000000" Dst="1" />
<file name="calendar.png" server="ftp.parceirodenegocios.hospedagemdesites.ws/public_html/Administrar/" local="130074178020000000" remote="131061191400000000" Dst="1" />
<file name="client.png" server="ftp.parceirodenegocios.hospedagemdesites.ws/public_html/Administrar/" local="130074178020000000" remote="131061191400000000" Dst="1" />
<file name="database.png" server="ftp.parceirodenegocios.hospedagemdesites.ws/public_html/Administrar/" local="130074178020000000" remote="131061191400000000" Dst="1" />
<file name="download.png" server="ftp.parceirodenegocios.hospedagemdesites.ws/public_html/Administrar/" local="130074178020000000" remote="131061191400000000" Dst="1" />
<file name="graph.png" server="ftp.parceirodenegocios.hospedagemdesites.ws/public_html/Administrar/" local="130074178040000000" remote="131061191400000000" Dst="1" />
<file name="home.png" server="ftp.parceirodenegocios.hospedagemdesites.ws/public_html/Administrar/" local="130074178020000000" remote="131061191400000000" Dst="1" />
<file name="lock.png" server="ftp.parceirodenegocios.hospedagemdesites.ws/public_html/Administrar/" local="130074178020000000" remote="131061191400000000" Dst="1" />
<file name="mail.png" server="ftp.parceirodenegocios.hospedagemdesites.ws/public_html/Administrar/" local="130074178040000000" remote="131061191400000000" Dst="1" />
<file name="pdf.png" server="ftp.parceirodenegocios.hospedagemdesites.ws/public_html/Administrar/" local="130074178020000000" remote="131061191400000000" Dst="1" />
<file name="people.png" server="ftp.parceirodenegocios.hospedagemdesites.ws/public_html/Administrar/" local="130074178020000000" remote="131061191400000000" Dst="1" />
<file name="piechart.png" server="ftp.parceirodenegocios.hospedagemdesites.ws/public_html/Administrar/" local="130074178040000000" remote="131061191400000000" Dst="1" />
<file name="search.png" server="ftp.parceirodenegocios.hospedagemdesites.ws/public_html/Administrar/" local="130074178040000000" remote="131061191400000000" Dst="1" />
<file name="survey.png" server="ftp.parceirodenegocios.hospedagemdesites.ws/public_html/Administrar/" local="130074178040000000" remote="131061191400000000" Dst="1" />
<file name="shopping-bag.png" server="ftp.parceirodenegocios.hospedagemdesites.ws/public_html/Administrar/" local="130074178040000000" remote="131061191400000000" Dst="1" />
<file name="tag.png" server="ftp.parceirodenegocios.hospedagemdesites.ws/public_html/Administrar/" local="130074178040000000" remote="131061191400000000" Dst="1" />
<file name="user.png" server="ftp.parceirodenegocios.hospedagemdesites.ws/public_html/Administrar/" local="130074178040000000" remote="131061191400000000" Dst="1" />
<file name="wallet.png" server="ftp.parceirodenegocios.hospedagemdesites.ws/public_html/Administrar/" local="130074178040000000" remote="131061191400000000" Dst="1" />
<file name="Thumbs.db" server="ftp.parceirodenegocios.hospedagemdesites.ws/public_html/Administrar/" local="130284360760000000" remote="131061191400000000" Dst="1" />
<file name="web.png" server="ftp.parceirodenegocios.hospedagemdesites.ws/public_html/Administrar/" local="130074178040000000" remote="131061191400000000" Dst="1" />
</dwsync>