<?xml version="1.0" encoding="utf-8" ?>
<dwsync>
<file name="chamadaexterna.js" server="ftp.andyfriends.com.br/public_html/motoboy/" local="130969868020000000" remote="130992318000000000" Dst="2" />
<file name="chamadaexterna_148.js" server="ftp.andyfriends.com.br/public_html/motoboy/" local="130969816840000000" remote="130992318000000000" Dst="2" />
<file name="chamadas.js" server="ftp.andyfriends.com.br/public_html/motoboy/" local="130992336346618222" remote="130992339600000000" Dst="2" />
<file name="chamadas.js" server="ftp.andyfriends.com.br/public_html/Administrar/" local="131015677499992510" remote="131015677200000000" Dst="1" />
<file name="chamadaexterna_148.js" server="ftp.andyfriends.com.br/public_html/Administrar/" local="130969816840000000" remote="131015653800000000" Dst="1" />
<file name="chamadaexterna.js" server="ftp.andyfriends.com.br/public_html/Administrar/" local="131013989007691535" remote="131015653800000000" Dst="1" />
<file name="chamadaexterna.js" server="ftp.codigo3.com.br/Administrar/" local="131039962684107208" remote="131039926800000000" Dst="1" />
<file name="chamadaexterna_148.js" server="ftp.codigo3.com.br/Administrar/" local="130969816840000000" remote="131039916600000000" Dst="1" />
<file name="chamadas.js" server="ftp.codigo3.com.br/Administrar/" local="131037373107323250" remote="131039916600000000" Dst="1" />
<file name="chamadaexterna.js" server="ftp.parceirodenegocios.hospedagemdesites.ws/public_html/Administrar/" local="131046104558462818" remote="131061186600000000" Dst="1" />
<file name="chamadaexterna_148.js" server="ftp.parceirodenegocios.hospedagemdesites.ws/public_html/Administrar/" local="130969816840000000" remote="131061186600000000" Dst="1" />
<file name="chamadas.js" server="ftp.parceirodenegocios.hospedagemdesites.ws/public_html/Administrar/" local="131045128417355764" remote="131061186600000000" Dst="1" />
</dwsync>