<?xml version="1.0" encoding="utf-8" ?>
<dwsync>
<file name="DB.php" server="ftp.parceirodenegocios.hospedagemdesites.ws/public_html/Administrar/" local="129941579120000000" remote="131061191400000000" Dst="1" />
<file name="DB_cache.php" server="ftp.parceirodenegocios.hospedagemdesites.ws/public_html/Administrar/" local="129941579120000000" remote="131061191400000000" Dst="1" />
<file name="DB_active_rec.php" server="ftp.parceirodenegocios.hospedagemdesites.ws/public_html/Administrar/" local="129941579120000000" remote="131061191400000000" Dst="1" />
<file name="DB_forge.php" server="ftp.parceirodenegocios.hospedagemdesites.ws/public_html/Administrar/" local="129941579120000000" remote="131061191400000000" Dst="1" />
<file name="DB_driver.php" server="ftp.parceirodenegocios.hospedagemdesites.ws/public_html/Administrar/" local="129941579120000000" remote="131061191400000000" Dst="1" />
<file name="DB_result.php" server="ftp.parceirodenegocios.hospedagemdesites.ws/public_html/Administrar/" local="129941579120000000" remote="131061191400000000" Dst="1" />
<file name="DB_utility.php" server="ftp.parceirodenegocios.hospedagemdesites.ws/public_html/Administrar/" local="129941579120000000" remote="131061191400000000" Dst="1" />
<file name="index.html" server="ftp.parceirodenegocios.hospedagemdesites.ws/public_html/Administrar/" local="129664291580000000" remote="131061191400000000" Dst="1" />
</dwsync>