<?xml version="1.0" encoding="utf-8" ?>
<dwsync>
<file name="bootstrap-responsive.min.css" server="ftp.parceirodenegocios.hospedagemdesites.ws/public_html/Administrar/" local="130075179960000000" remote="131061187200000000" Dst="1" />
<file name="bootstrap-wysihtml5.css" server="ftp.parceirodenegocios.hospedagemdesites.ws/public_html/Administrar/" local="130075179980000000" remote="131061187200000000" Dst="1" />
<file name="colorpicker.css" server="ftp.parceirodenegocios.hospedagemdesites.ws/public_html/Administrar/" local="130075180100000000" remote="131061187200000000" Dst="1" />
<file name="datepicker.css" server="ftp.parceirodenegocios.hospedagemdesites.ws/public_html/Administrar/" local="130075180120000000" remote="131061187200000000" Dst="1" />
<file name="bootstrap.min.css" server="ftp.parceirodenegocios.hospedagemdesites.ws/public_html/Administrar/" local="130828586160000000" remote="131061187200000000" Dst="1" />
<file name="fullcalendar.css" server="ftp.parceirodenegocios.hospedagemdesites.ws/public_html/Administrar/" local="130075180200000000" remote="131061187200000000" Dst="1" />
<file name="index.html" server="ftp.parceirodenegocios.hospedagemdesites.ws/public_html/Administrar/" local="129664291580000000" remote="131061187200000000" Dst="1" />
<file name="jquery.gritter.css" server="ftp.parceirodenegocios.hospedagemdesites.ws/public_html/Administrar/" local="130075180240000000" remote="131061187200000000" Dst="1" />
<file name="matrix-login.css" server="ftp.parceirodenegocios.hospedagemdesites.ws/public_html/Administrar/" local="130777595480000000" remote="131061187200000000" Dst="1" />
<file name="matrix-media.css" server="ftp.parceirodenegocios.hospedagemdesites.ws/public_html/Administrar/" local="130075180300000000" remote="131061187200000000" Dst="1" />
<file name="select2.css" server="ftp.parceirodenegocios.hospedagemdesites.ws/public_html/Administrar/" local="130075180400000000" remote="131061187200000000" Dst="1" />
<file name="uniform.css" server="ftp.parceirodenegocios.hospedagemdesites.ws/public_html/Administrar/" local="130075180440000000" remote="131061187200000000" Dst="1" />
<file name="matrix-style.css" server="ftp.parceirodenegocios.hospedagemdesites.ws/public_html/Administrar/" local="130779507160000000" remote="131061187200000000" Dst="1" />
</dwsync>