<?xml version="1.0" encoding="utf-8" ?>
<dwsync>
<file name="Calendar.php" server="ftp.parceirodenegocios.hospedagemdesites.ws/public_html/Administrar/" local="129941579120000000" remote="131061192000000000" Dst="1" />
<file name="Cart.php" server="ftp.parceirodenegocios.hospedagemdesites.ws/public_html/Administrar/" local="129941579120000000" remote="131061192000000000" Dst="1" />
<file name="Driver.php" server="ftp.parceirodenegocios.hospedagemdesites.ws/public_html/Administrar/" local="129941579120000000" remote="131061192000000000" Dst="1" />
<file name="Encrypt.php" server="ftp.parceirodenegocios.hospedagemdesites.ws/public_html/Administrar/" local="129941579120000000" remote="131061192000000000" Dst="1" />
<file name="Email.php" server="ftp.parceirodenegocios.hospedagemdesites.ws/public_html/Administrar/" local="129941579120000000" remote="131061192000000000" Dst="1" />
<file name="Form_validation.php" server="ftp.parceirodenegocios.hospedagemdesites.ws/public_html/Administrar/" local="129941579120000000" remote="131061192000000000" Dst="1" />
<file name="Ftp.php" server="ftp.parceirodenegocios.hospedagemdesites.ws/public_html/Administrar/" local="129941579120000000" remote="131061192000000000" Dst="1" />
<file name="Image_lib.php" server="ftp.parceirodenegocios.hospedagemdesites.ws/public_html/Administrar/" local="129941579120000000" remote="131061192000000000" Dst="1" />
<file name="index.html" server="ftp.parceirodenegocios.hospedagemdesites.ws/public_html/Administrar/" local="129664291580000000" remote="131061192000000000" Dst="1" />
<file name="Javascript.php" server="ftp.parceirodenegocios.hospedagemdesites.ws/public_html/Administrar/" local="129941579120000000" remote="131061192000000000" Dst="1" />
<file name="Log.php" server="ftp.parceirodenegocios.hospedagemdesites.ws/public_html/Administrar/" local="129941579120000000" remote="131061192000000000" Dst="1" />
<file name="MyController.php" server="ftp.parceirodenegocios.hospedagemdesites.ws/public_html/Administrar/" local="130826672140000000" remote="131061192000000000" Dst="1" />
<file name="Migration.php" server="ftp.parceirodenegocios.hospedagemdesites.ws/public_html/Administrar/" local="129941584780000000" remote="131061192000000000" Dst="1" />
<file name="Pagination.php" server="ftp.parceirodenegocios.hospedagemdesites.ws/public_html/Administrar/" local="130869002960000000" remote="131061192000000000" Dst="1" />
<file name="Parser.php" server="ftp.parceirodenegocios.hospedagemdesites.ws/public_html/Administrar/" local="129941579120000000" remote="131061192000000000" Dst="1" />
<file name="Profiler.php" server="ftp.parceirodenegocios.hospedagemdesites.ws/public_html/Administrar/" local="129941584780000000" remote="131061192000000000" Dst="1" />
<file name="Session.php" server="ftp.parceirodenegocios.hospedagemdesites.ws/public_html/Administrar/" local="129941584780000000" remote="131061192000000000" Dst="1" />
<file name="Sha1.php" server="ftp.parceirodenegocios.hospedagemdesites.ws/public_html/Administrar/" local="129941579120000000" remote="131061192000000000" Dst="1" />
<file name="Table.php" server="ftp.parceirodenegocios.hospedagemdesites.ws/public_html/Administrar/" local="129941579120000000" remote="131061192000000000" Dst="1" />
<file name="Trackback.php" server="ftp.parceirodenegocios.hospedagemdesites.ws/public_html/Administrar/" local="129941579120000000" remote="131061192000000000" Dst="1" />
<file name="Typography.php" server="ftp.parceirodenegocios.hospedagemdesites.ws/public_html/Administrar/" local="129941579120000000" remote="131061192000000000" Dst="1" />
<file name="Unit_test.php" server="ftp.parceirodenegocios.hospedagemdesites.ws/public_html/Administrar/" local="129941579120000000" remote="131061192000000000" Dst="1" />
<file name="User_agent.php" server="ftp.parceirodenegocios.hospedagemdesites.ws/public_html/Administrar/" local="129941579120000000" remote="131061192000000000" Dst="1" />
<file name="Upload.php" server="ftp.parceirodenegocios.hospedagemdesites.ws/public_html/Administrar/" local="130789740500000000" remote="131061192000000000" Dst="1" />
<file name="Xmlrpcs.php" server="ftp.parceirodenegocios.hospedagemdesites.ws/public_html/Administrar/" local="129941579120000000" remote="131061192000000000" Dst="1" />
<file name="Xmlrpc.php" server="ftp.parceirodenegocios.hospedagemdesites.ws/public_html/Administrar/" local="129941579120000000" remote="131061192000000000" Dst="1" />
<file name="Zip.php" server="ftp.parceirodenegocios.hospedagemdesites.ws/public_html/Administrar/" local="129941579120000000" remote="131061192000000000" Dst="1" />
</dwsync>