<?xml version="1.0" encoding="utf-8" ?>
<dwsync>
<file name="chosen-sprite.png" server="ftp.andyfriends.com.br/public_html/motoboy/" local="130784561120000000" remote="130992318600000000" Dst="2" />
<file name="chosen.css" server="ftp.andyfriends.com.br/public_html/motoboy/" local="130782835640000000" remote="130992318600000000" Dst="2" />
<file name="formularios.css" server="ftp.andyfriends.com.br/public_html/motoboy/" local="130782832960000000" remote="130992318600000000" Dst="2" />
<file name="chosen.css" server="ftp.andyfriends.com.br/public_html/Administrar/" local="130782835640000000" remote="131015653800000000" Dst="1" />
<file name="formularios.css" server="ftp.andyfriends.com.br/public_html/Administrar/" local="130782832960000000" remote="131015653800000000" Dst="1" />
<file name="chosen-sprite.png" server="ftp.andyfriends.com.br/public_html/Administrar/" local="130784561120000000" remote="131015653800000000" Dst="1" />
<file name="chosen-sprite.png" server="ftp.codigo3.com.br/Administrar/" local="130784561120000000" remote="131015614200000000" Dst="1" />
<file name="chosen.css" server="ftp.codigo3.com.br/Administrar/" local="130782835640000000" remote="131015614200000000" Dst="1" />
<file name="formularios.css" server="ftp.codigo3.com.br/Administrar/" local="130782832960000000" remote="131015614200000000" Dst="1" />
<file name="chosen-sprite.png" server="ftp.parceirodenegocios.hospedagemdesites.ws/public_html/Administrar/" local="130784561120000000" remote="131061187200000000" Dst="1" />
<file name="formularios.css" server="ftp.parceirodenegocios.hospedagemdesites.ws/public_html/Administrar/" local="130782832960000000" remote="131061187200000000" Dst="1" />
<file name="chosen.css" server="ftp.parceirodenegocios.hospedagemdesites.ws/public_html/Administrar/" local="130782835640000000" remote="131061187200000000" Dst="1" />
</dwsync>