<?xml version="1.0" encoding="utf-8" ?>
<dwsync>
<file name="funcionarioexterno.js" server="ftp.andyfriends.com.br/public_html/motoboy/" local="130956238357770000" remote="130988878200000000" Dst="2" />
<file name="funcionarioexterno_integracao.js" server="ftp.andyfriends.com.br/public_html/motoboy/" local="130958709395710000" remote="130988878200000000" Dst="2" />
<file name="funcionarioexterno_integracao_148.js" server="ftp.andyfriends.com.br/public_html/motoboy/" local="130976919565570000" remote="130988878200000000" Dst="2" />
<file name="funcionarioexterno.js" server="ftp.codigo3.com.br/Administrar/" local="131015930379669268" remote="131026105200000000" Dst="1" />
<file name="funcionarioexterno_integracao.js" server="ftp.codigo3.com.br/Administrar/" local="131015930330386645" remote="131026105200000000" Dst="1" />
<file name="funcionarioexterno_integracao_148.js" server="ftp.codigo3.com.br/Administrar/" local="130976919565570000" remote="130988881200000000" Dst="2" />
<file name="funcionarios.js" server="ftp.andyfriends.com.br/public_html/motoboy/" local="130802708020000000" remote="130992318000000000" Dst="2" />
<file name="funcionarioexterno.js" server="ftp.andyfriends.com.br/public_html/Administrar/" local="130956238357770000" remote="131015653800000000" Dst="1" />
<file name="funcionarioexterno_integracao.js" server="ftp.andyfriends.com.br/public_html/Administrar/" local="131013932379072997" remote="131015653800000000" Dst="1" />
<file name="funcionarioexterno_integracao_148.js" server="ftp.andyfriends.com.br/public_html/Administrar/" local="130976919565570000" remote="131015653800000000" Dst="1" />
<file name="funcionarios.js" server="ftp.andyfriends.com.br/public_html/Administrar/" local="130802708020000000" remote="131015653800000000" Dst="1" />
<file name="funcionarios.js" server="ftp.codigo3.com.br/Administrar/" local="130802708020000000" remote="131015613600000000" Dst="1" />
<file name="funcionarioexterno.js" server="ftp.parceirodenegocios.hospedagemdesites.ws/public_html/Administrar/" local="131015930379669268" remote="131061186600000000" Dst="1" />
<file name="funcionarioexterno_integracao.js" server="ftp.parceirodenegocios.hospedagemdesites.ws/public_html/Administrar/" local="131015930330386645" remote="131061186600000000" Dst="1" />
<file name="funcionarioexterno_integracao_148.js" server="ftp.parceirodenegocios.hospedagemdesites.ws/public_html/Administrar/" local="130976919565570000" remote="131061186600000000" Dst="1" />
<file name="funcionarios.js" server="ftp.parceirodenegocios.hospedagemdesites.ws/public_html/Administrar/" local="130802708020000000" remote="131061186600000000" Dst="1" />
</dwsync>