<?xml version="1.0" encoding="utf-8" ?>
<dwsync>
<file name="adicional.js" server="ftp.codigo3.com.br/Administrar/" local="130988883709000914" remote="131015613600000000" Dst="1" />
<file name="adicionalc.js" server="ftp.codigo3.com.br/Administrar/" local="130988883709120990" remote="131015613600000000" Dst="1" />
<file name="adicionalc.js" server="ftp.andyfriends.com.br/public_html/motoboy/" local="130988883709120990" remote="130992318000000000" Dst="2" />
<file name="adicional.js" server="ftp.andyfriends.com.br/public_html/motoboy/" local="130988883709000914" remote="130992318000000000" Dst="2" />
<file name="adicional.js" server="ftp.andyfriends.com.br/public_html/Administrar/" local="130988883709000914" remote="131015653800000000" Dst="1" />
<file name="adicionalc.js" server="ftp.andyfriends.com.br/public_html/Administrar/" local="130988883709120990" remote="131015653800000000" Dst="1" />
<file name="adicional.js" server="ftp.parceirodenegocios.hospedagemdesites.ws/public_html/Administrar/" local="130988883709000914" remote="131061186600000000" Dst="1" />
<file name="adicionalc.js" server="ftp.parceirodenegocios.hospedagemdesites.ws/public_html/Administrar/" local="130988883709120990" remote="131061186600000000" Dst="1" />
</dwsync>