<?xml version="1.0" encoding="utf-8" ?>
<dwsync>
<file name="array_helper.php" server="ftp.parceirodenegocios.hospedagemdesites.ws/public_html/Administrar/" local="129941579120000000" remote="131061192000000000" Dst="1" />
<file name="captcha_helper.php" server="ftp.parceirodenegocios.hospedagemdesites.ws/public_html/Administrar/" local="129941579120000000" remote="131061192000000000" Dst="1" />
<file name="cookie_helper.php" server="ftp.parceirodenegocios.hospedagemdesites.ws/public_html/Administrar/" local="129941579120000000" remote="131061192000000000" Dst="1" />
<file name="date_helper.php" server="ftp.parceirodenegocios.hospedagemdesites.ws/public_html/Administrar/" local="129941579120000000" remote="131061192000000000" Dst="1" />
<file name="directory_helper.php" server="ftp.parceirodenegocios.hospedagemdesites.ws/public_html/Administrar/" local="129941579120000000" remote="131061192000000000" Dst="1" />
<file name="download_helper.php" server="ftp.parceirodenegocios.hospedagemdesites.ws/public_html/Administrar/" local="129941579120000000" remote="131061192000000000" Dst="1" />
<file name="email_helper.php" server="ftp.parceirodenegocios.hospedagemdesites.ws/public_html/Administrar/" local="129941579120000000" remote="131061192000000000" Dst="1" />
<file name="file_helper.php" server="ftp.parceirodenegocios.hospedagemdesites.ws/public_html/Administrar/" local="129941579120000000" remote="131061192000000000" Dst="1" />
<file name="form_helper.php" server="ftp.parceirodenegocios.hospedagemdesites.ws/public_html/Administrar/" local="129941579120000000" remote="131061192000000000" Dst="1" />
<file name="html_helper.php" server="ftp.parceirodenegocios.hospedagemdesites.ws/public_html/Administrar/" local="129941579120000000" remote="131061192000000000" Dst="1" />
<file name="index.html" server="ftp.parceirodenegocios.hospedagemdesites.ws/public_html/Administrar/" local="129664291580000000" remote="131061192000000000" Dst="1" />
<file name="inflector_helper.php" server="ftp.parceirodenegocios.hospedagemdesites.ws/public_html/Administrar/" local="129941579120000000" remote="131061192000000000" Dst="1" />
<file name="language_helper.php" server="ftp.parceirodenegocios.hospedagemdesites.ws/public_html/Administrar/" local="129941579120000000" remote="131061192000000000" Dst="1" />
<file name="number_helper.php" server="ftp.parceirodenegocios.hospedagemdesites.ws/public_html/Administrar/" local="129941579120000000" remote="131061192000000000" Dst="1" />
<file name="path_helper.php" server="ftp.parceirodenegocios.hospedagemdesites.ws/public_html/Administrar/" local="129941579120000000" remote="131061192000000000" Dst="1" />
<file name="security_helper.php" server="ftp.parceirodenegocios.hospedagemdesites.ws/public_html/Administrar/" local="129941579120000000" remote="131061192000000000" Dst="1" />
<file name="smiley_helper.php" server="ftp.parceirodenegocios.hospedagemdesites.ws/public_html/Administrar/" local="129941579120000000" remote="131061192000000000" Dst="1" />
<file name="string_helper.php" server="ftp.parceirodenegocios.hospedagemdesites.ws/public_html/Administrar/" local="129941579120000000" remote="131061192000000000" Dst="1" />
<file name="text_helper.php" server="ftp.parceirodenegocios.hospedagemdesites.ws/public_html/Administrar/" local="129941579120000000" remote="131061192000000000" Dst="1" />
<file name="typography_helper.php" server="ftp.parceirodenegocios.hospedagemdesites.ws/public_html/Administrar/" local="129941579120000000" remote="131061192000000000" Dst="1" />
<file name="url_helper.php" server="ftp.parceirodenegocios.hospedagemdesites.ws/public_html/Administrar/" local="129941579120000000" remote="131061192000000000" Dst="1" />
<file name="xml_helper.php" server="ftp.parceirodenegocios.hospedagemdesites.ws/public_html/Administrar/" local="129941579120000000" remote="131061192000000000" Dst="1" />
</dwsync>