<?xml version="1.0" encoding="utf-8" ?>
<dwsync>
<file name="dashboard.js" server="ftp.codigo3.com.br/Administrar/" local="130988885016759902" remote="130283496000000000" Dst="2" />
<file name="notify.js" server="ftp.codigo3.com.br/Administrar/" local="130988885019621779" remote="130864071000000000" Dst="2" />
<file name="notify.min.js" server="ftp.codigo3.com.br/Administrar/" local="130988885020342265" remote="130864070400000000" Dst="2" />
<file name="geral.js" server="ftp.andyfriends.com.br/public_html/Administrar/" local="130792094500000000" remote="131015654400000000" Dst="1" />
<file name="geral.js" server="ftp.codigo3.com.br/Administrar/" local="130792094500000000" remote="131015614200000000" Dst="1" />
<file name="bootstrap-colorpicker.js" server="ftp.parceirodenegocios.hospedagemdesites.ws/public_html/Administrar/" local="130074227180000000" remote="131061191400000000" Dst="1" />
<file name="bootstrap-datepicker.js" server="ftp.parceirodenegocios.hospedagemdesites.ws/public_html/Administrar/" local="130074227200000000" remote="131061191400000000" Dst="1" />
<file name="bootstrap-wysihtml5.js" server="ftp.parceirodenegocios.hospedagemdesites.ws/public_html/Administrar/" local="130074227260000000" remote="131061191400000000" Dst="1" />
<file name="bootstrap.min.js" server="ftp.parceirodenegocios.hospedagemdesites.ws/public_html/Administrar/" local="130074227380000000" remote="131061191400000000" Dst="1" />
<file name="dashboard.js" server="ftp.parceirodenegocios.hospedagemdesites.ws/public_html/Administrar/" local="130988885016759902" remote="131061191400000000" Dst="1" />
<file name="excanvas.min.js" server="ftp.parceirodenegocios.hospedagemdesites.ws/public_html/Administrar/" local="130074227420000000" remote="131061191400000000" Dst="1" />
<file name="geral.js" server="ftp.parceirodenegocios.hospedagemdesites.ws/public_html/Administrar/" local="130792094500000000" remote="131061191400000000" Dst="1" />
<file name="index.html" server="ftp.parceirodenegocios.hospedagemdesites.ws/public_html/Administrar/" local="129664291580000000" remote="131061191400000000" Dst="1" />
<file name="fullcalendar.min.js" server="ftp.parceirodenegocios.hospedagemdesites.ws/public_html/Administrar/" local="130074227500000000" remote="131061191400000000" Dst="1" />
<file name="jquery.flot.min.js" server="ftp.parceirodenegocios.hospedagemdesites.ws/public_html/Administrar/" local="130074228000000000" remote="131061191400000000" Dst="1" />
<file name="jquery-1.10.2.min.js" server="ftp.parceirodenegocios.hospedagemdesites.ws/public_html/Administrar/" local="130193489300000000" remote="131061191400000000" Dst="1" />
<file name="jquery.flot.pie.min.js" server="ftp.parceirodenegocios.hospedagemdesites.ws/public_html/Administrar/" local="130074228080000000" remote="131061191400000000" Dst="1" />
<file name="jquery.flot.resize.min.js" server="ftp.parceirodenegocios.hospedagemdesites.ws/public_html/Administrar/" local="130074228100000000" remote="131061191400000000" Dst="1" />
<file name="jquery.gritter.min.js" server="ftp.parceirodenegocios.hospedagemdesites.ws/public_html/Administrar/" local="130074228160000000" remote="131061191400000000" Dst="1" />
<file name="jquery.peity.min.js" server="ftp.parceirodenegocios.hospedagemdesites.ws/public_html/Administrar/" local="130074228300000000" remote="131061191400000000" Dst="1" />
<file name="jquery.min.js" server="ftp.parceirodenegocios.hospedagemdesites.ws/public_html/Administrar/" local="130074228280000000" remote="131061191400000000" Dst="1" />
<file name="jquery.toggle.buttons.html" server="ftp.parceirodenegocios.hospedagemdesites.ws/public_html/Administrar/" local="130075553360000000" remote="131061191400000000" Dst="1" />
<file name="jquery.dataTables.min.js" server="ftp.parceirodenegocios.hospedagemdesites.ws/public_html/Administrar/" local="130074227880000000" remote="131061191400000000" Dst="1" />
<file name="jquery.uniform.js" server="ftp.parceirodenegocios.hospedagemdesites.ws/public_html/Administrar/" local="130074228560000000" remote="131061191400000000" Dst="1" />
<file name="jquery.validate.js" server="ftp.parceirodenegocios.hospedagemdesites.ws/public_html/Administrar/" local="130074228620000000" remote="131061191400000000" Dst="1" />
<file name="jquery.wizard.js" server="ftp.parceirodenegocios.hospedagemdesites.ws/public_html/Administrar/" local="130074228680000000" remote="131061191400000000" Dst="1" />
<file name="maruti.html" server="ftp.parceirodenegocios.hospedagemdesites.ws/public_html/Administrar/" local="130075553380000000" remote="131061191400000000" Dst="1" />
<file name="masked.js" server="ftp.parceirodenegocios.hospedagemdesites.ws/public_html/Administrar/" local="130074228700000000" remote="131061191400000000" Dst="1" />
<file name="jquery.ui.custom.js" server="ftp.parceirodenegocios.hospedagemdesites.ws/public_html/Administrar/" local="130074228500000000" remote="131061191400000000" Dst="1" />
<file name="maskmoney.js" server="ftp.parceirodenegocios.hospedagemdesites.ws/public_html/Administrar/" local="130231262460000000" remote="131061191400000000" Dst="1" />
<file name="matrix.calendar.js" server="ftp.parceirodenegocios.hospedagemdesites.ws/public_html/Administrar/" local="130074228720000000" remote="131061191400000000" Dst="1" />
<file name="matrix.charts.js" server="ftp.parceirodenegocios.hospedagemdesites.ws/public_html/Administrar/" local="130074228760000000" remote="131061191400000000" Dst="1" />
<file name="matrix.chat.js" server="ftp.parceirodenegocios.hospedagemdesites.ws/public_html/Administrar/" local="130074228800000000" remote="131061191400000000" Dst="1" />
<file name="matrix.dashboard.js" server="ftp.parceirodenegocios.hospedagemdesites.ws/public_html/Administrar/" local="130074228840000000" remote="131061191400000000" Dst="1" />
<file name="matrix.form_common.js" server="ftp.parceirodenegocios.hospedagemdesites.ws/public_html/Administrar/" local="130074228880000000" remote="131061191400000000" Dst="1" />
<file name="matrix.form_validation.js" server="ftp.parceirodenegocios.hospedagemdesites.ws/public_html/Administrar/" local="130074228900000000" remote="131061191400000000" Dst="1" />
<file name="matrix.interface.js" server="ftp.parceirodenegocios.hospedagemdesites.ws/public_html/Administrar/" local="130074228920000000" remote="131061191400000000" Dst="1" />
<file name="matrix.login.js" server="ftp.parceirodenegocios.hospedagemdesites.ws/public_html/Administrar/" local="130074229000000000" remote="131061191400000000" Dst="1" />
<file name="matrix.js" server="ftp.parceirodenegocios.hospedagemdesites.ws/public_html/Administrar/" local="130376028860000000" remote="131061191400000000" Dst="1" />
<file name="matrix.popover.js" server="ftp.parceirodenegocios.hospedagemdesites.ws/public_html/Administrar/" local="130074229020000000" remote="131061191400000000" Dst="1" />
<file name="matrix.tables.js" server="ftp.parceirodenegocios.hospedagemdesites.ws/public_html/Administrar/" local="130074229040000000" remote="131061191400000000" Dst="1" />
<file name="matrix.wizard.js" server="ftp.parceirodenegocios.hospedagemdesites.ws/public_html/Administrar/" local="130074229080000000" remote="131061191400000000" Dst="1" />
<file name="notify.js" server="ftp.parceirodenegocios.hospedagemdesites.ws/public_html/Administrar/" local="130988885019621779" remote="131061191400000000" Dst="1" />
<file name="notify.min.js" server="ftp.parceirodenegocios.hospedagemdesites.ws/public_html/Administrar/" local="130988885020342265" remote="131061191400000000" Dst="1" />
<file name="select2.min.js" server="ftp.parceirodenegocios.hospedagemdesites.ws/public_html/Administrar/" local="130074229140000000" remote="131061191400000000" Dst="1" />
<file name="validate.js" server="ftp.parceirodenegocios.hospedagemdesites.ws/public_html/Administrar/" local="130114881660000000" remote="131061191400000000" Dst="1" />
<file name="wysihtml5-0.3.0.js" server="ftp.parceirodenegocios.hospedagemdesites.ws/public_html/Administrar/" local="130074229560000000" remote="131061191400000000" Dst="1" />
</dwsync>