<?xml version="1.0" encoding="utf-8" ?>
<dwsync>
<file name="index-originla.html" server="ftp.andyfriends.com.br/public_html/Administrar/" local="131008679080051324" remote="131015653800000000" Dst="1" />
<file name="license.txt" server="ftp.andyfriends.com.br/public_html/Administrar/" local="131008781980000000" remote="131015653800000000" Dst="1" />
<file name="README.txt" server="ftp.andyfriends.com.br/public_html/Administrar/" local="131008781980000000" remote="131015653800000000" Dst="1" />
<file name="index-originla.html" server="ftp.codigo3.com.br/Administrar/" local="131008679080051324" remote="131015614200000000" Dst="1" />
<file name="license.txt" server="ftp.codigo3.com.br/Administrar/" local="131008781980000000" remote="131015614200000000" Dst="1" />
<file name="README.txt" server="ftp.codigo3.com.br/Administrar/" local="131008781980000000" remote="131015614200000000" Dst="1" />
<file name="index-originla.html" server="ftp.parceirodenegocios.hospedagemdesites.ws/public_html/Administrar/" local="131008679080051324" remote="131061191400000000" Dst="1" />
<file name="license.txt" server="ftp.parceirodenegocios.hospedagemdesites.ws/public_html/Administrar/" local="131008781980000000" remote="131061191400000000" Dst="1" />
<file name="README.txt" server="ftp.parceirodenegocios.hospedagemdesites.ws/public_html/Administrar/" local="131008781980000000" remote="131061191400000000" Dst="1" />
</dwsync>